3757,Online
3897,Online
3810,Online
3805,Lecture
4209,Online
3756,Online
4634,Lecture
3824,Lecture
4434,Online
3744,Online
3769,Lecture
3738,Online
3815,Lecture
3840,Online
3771,Lecture
4365,Online
3801,Lecture
4432,Online
3790,Lecture
3759,Lecture
3825,Lecture
3807,Online
3796,Lecture
3741,Lecture
3739,Lecture
3829,Online
3822,Lecture
3764,Lecture
3811,Online
3746,Online
3798,Lecture
3792,Lecture
3816,Lecture
3768,Lecture
3765,Lecture
3780,Online
3817,Lecture
3747,Lecture
3743,Lecture
3772,Lecture
3793,Lecture
3827,Lecture
4270,Lecture
3874,Online
3927,Online
3867,Online
3860,Online
3885,Lecture
3919,Online
3856,Online
3924,Lecture
3872,Lecture
3907,Lecture
3858,Lecture
4389,Lecture
3876,Lecture
3892,Online
3928,Lecture
3852,Online
3833,Lecture
3855,Lecture
3891,Lecture
3878,Lecture
3880,Lecture
3873,Lecture
3890,Lecture
3905,Lecture
3926,Online
4261,Lecture
4423,Lecture
4243,Lecture
4253,Lecture
4254,Lecture
4342,Lecture
3944,Lecture
3849,Lecture
3863,Lecture
4005,Online
3938,Online
3937,Online
3951,Online
3985,Lecture
4021,Lecture
3987,Lecture
3976,Lecture
4002,Lecture
3960,Online
3984,Online
3990,Lecture
3997,Lecture
4024,Lecture
3957,Lecture
3982,Lecture
3992,Lecture
4027,Lecture
3966,Lecture
3947,Online
4009,Online
4010,Lecture
4018,Lecture
3956,Lecture
4029,Lecture
3934,Lecture
3989,Lecture
4000,Lecture
3936,Lecture
4014,Lecture
3970,Lecture
4028,Lecture
3991,Lecture
3911,Lecture
3962,Lecture
4008,Lecture
3994,Lecture
3959,Lecture
4019,Lecture
3917,Lecture
3786,Lecture
4022,Lecture
3871,Lecture
4051,Lecture
4048,Online
3978,Lecture
4111,Online
4069,Online
4104,Online
4075,Online
4037,Online
4087,Online
4088,Online
4058,Online
4118,Lecture
4032,Online
3847,Lecture
4106,Lecture
4131,Lecture
4123,Online
4072,Lecture
3993,Lecture
4078,Online
4124,Lecture
4070,Lecture
4100,Lecture
4093,Lecture
4097,Online
4128,Online
4042,Lecture
4099,Lecture
4086,Lecture
4057,Online
4076,Lecture
4066,Online
4044,Lecture
4101,Online
4129,Lecture
4038,Lecture
3988,Lecture
4045,Lecture
4039,Lecture
4046,Lecture
4036,Lecture
3881,Lecture
3844,Lecture
3845,Lecture
3900,Lecture
3889,Lecture
4190,Lecture
4226,Online
4189,Lecture
4225,Online
4152,Online
4199,Lecture
4135,Online
4155,Lecture
4183,Lecture
4138,Lecture
4223,Lecture
4120,Lecture
4181,Lecture
3979,Lecture
4211,Lecture
4208,Lecture
4179,Online
4063,Lecture
4110,Lecture
4216,Lecture
4064,Lecture
4188,Lecture
4368,Lecture
4033,Lecture
4185,Lecture
4151,Online
4145,Lecture
4227,Lecture
4169,Lecture
4174,Online
4228,Online
4121,Lecture
4196,Lecture
4105,Lecture
4224,Lecture
4231,Online
4162,Lecture
3915,Lecture
4449,Lecture
4450,Lecture
4436,Lecture
4526,Lecture
4510,Lecture
4370,Lecture
4527,Lecture
4289,Lecture
4318,Lecture
4332,Online
4319,Online
4258,Online
4327,Online
4220,Lecture
4184,Lecture
4322,Online
4251,Online
4205,Lecture
4146,Lecture
4239,Lecture
4236,Online
4229,Lecture
4259,Lecture
4161,Lecture
4320,Online
4325,Lecture
4248,Online
4238,Lecture
4246,Online
4264,Lecture
4330,Lecture
4244,Lecture
4260,Lecture
4143,Lecture
4194,Lecture
4252,Online
4127,Lecture
4247,Online
3941,Lecture
4535,Lecture
4400,Online
4401,Online
4429,Online
4398,Lecture
4367,Lecture
4382,Lecture
4427,Lecture
4406,Lecture
4291,Lecture
4372,Lecture
4433,Lecture
4355,Lecture
4422,Lecture
4335,Online
4356,Online
4366,Lecture
4396,Online
4376,Lecture
4421,Online
4425,Online
4338,Lecture
4379,Online
4403,Lecture
4217,Lecture
4391,Online
4292,Lecture
4326,Lecture
4378,Lecture
4374,Online
4173,Lecture
4156,Lecture
4150,Lecture
4206,Lecture
4242,Lecture
4333,Lecture
4609,Online
4454,Online
4536,Online
4198,Online
4441,Online
4293,Lecture
4453,Lecture
4455,Lecture
4618,Lecture
4530,Lecture
3980,Lecture
4525,Online
4275,Lecture
4611,Lecture
4272,Lecture
4249,Lecture
4445,Online
4386,Lecture
4308,Lecture
4273,Lecture
4262,Lecture
4350,Lecture
4351,Lecture
3986,Online
4507,Lecture
3753,Online
3791,Online
4504,Lecture
3830,Online
3828,Online
3740,Online
4304,Online
3977,Online
3799,Online
4341,Online
3894,Lecture
4501,Online
3762,Online
4310,Online
4551,Online
3750,Lecture
4545,Lecture
4166,Lecture
4575,Lecture
4506,Lecture
4426,Lecture
4604,Lecture
4053,Online
4417,Lecture
4394,Lecture
4390,Lecture
4352,Lecture
4363,Lecture
4360,Lecture
3773,Lecture
4442,Lecture
4626,Online
3901,Online
4020,Online
4556,Online
4503,Online
3865,Online
4413,Online
4508,Online
4606,Online
4114,Online
4631,Lecture
4568,Lecture
4164,Online
4353,Lecture
4025,Lecture
4056,Online
4597,Lecture
4581,Online
4576,Online
4329,Online
4102,Lecture
4566,Online
4569,Lecture
4573,Lecture
4312,Lecture
4578,Online
4219,Online
3821,Lecture
3903,Lecture
4515,Online
4191,Online
4608,Online
4516,Lecture
4519,Lecture
3961,Online
4512,Lecture
4514,Lecture
4281,Lecture
4539,Lecture
4383,Online
4513,Lecture
4517,Online
4201,Lecture
4381,Lecture
4440,Lecture
4364,Lecture
4359,Online
4481,Online
3859,Online
4431,Lecture
3748,Lecture
4324,Lecture
4546,Lecture
4085,Lecture
4371,Lecture
4153,Lecture
4533,Lecture
4484,Lecture
4116,Lecture
4491,Lecture
3886,Lecture
4490,Lecture
4603,Lecture
4583,Lecture
4520,Lecture
4487,Lecture
4541,Lecture
4315,Lecture
4306,Lecture
4240,Online
4483,Lecture
4612,Lecture
4518,Lecture
4495,Lecture
4554,Lecture
4529,Lecture
4509,Lecture
4144,Lecture
4405,Lecture
3895,Lecture
4596,Lecture
4337,Lecture
4439,Lecture
4593,Lecture
3869,Lecture
4415,Lecture
4577,Lecture
4548,Lecture
4605,Lecture
4255,Lecture
4534,Lecture
3777,Lecture
4269,Online
4317,Lecture
3804,Lecture
3946,Lecture
4542,Lecture
3857,Online
4402,Lecture
4207,Lecture
4095,Lecture
4369,Lecture
4565,Lecture
4582,Lecture
4502,Lecture
4089,Lecture
4096,Online
4132,Online
3899,Online
4347,Online
4305,Lecture
3751,Lecture
